town,year,tot_inj,tot_fat,mot_inj,mot_fat,trk_inj,trk_fat,mot_tot,truck_tot
Acton,2011,76,1,76,1,3,1,272,15
Arlington,2011,67,0,67,0,3,0,564,40
Ashland,2011,62,1,62,1,7,0,207,27
Bedford,2011,97,0,97,0,5,0,232,19
Bellingham,2011,76,1,76,1,6,0,416,32
Belmont,2011,97,0,97,0,5,0,332,22
Beverly,2011,185,0,185,0,4,0,626,36
Bolton,2011,59,0,59,0,9,0,141,21
Boston,2011,1842,18,1842,18,173,2,3719,378
Boxborough,2011,21,1,21,1,0,0,29,5
Braintree,2011,364,0,364,0,22,0,579,37
Brookline,2011,162,1,162,1,11,0,330,35
Burlington,2011,173,3,173,3,9,0,521,30
Cambridge,2011,459,2,459,2,27,1,1700,151
Canton,2011,159,0,159,0,19,0,456,63
Carlisle,2011,24,0,24,0,0,0,55,4
Chelsea,2011,204,3,204,3,14,0,750,84
Cohasset,2011,25,0,25,0,0,0,94,5
Concord,2011,97,0,97,0,10,0,328,40
Danvers,2011,219,3,219,3,13,0,515,31
Dedham,2011,186,0,186,0,11,0,462,31
Dover,2011,28,0,28,0,2,0,71,2
Essex,2011,16,0,16,0,0,0,33,1
Everett,2011,141,0,141,0,6,0,275,23
Foxborough,2011,157,1,157,1,18,0,463,43
Framingham,2011,595,5,595,5,25,0,1511,129
Franklin,2011,144,1,144,1,5,0,379,36
Gloucester,2011,39,0,39,0,3,0,159,17
Hamilton,2011,12,0,12,0,0,0,56,4
Hingham,2011,134,2,134,2,5,0,391,31
Holbrook,2011,72,2,72,2,3,0,192,9
Holliston,2011,81,1,81,1,3,0,249,20
Hopkinton,2011,104,1,104,1,10,0,353,39
Hudson,2011,89,3,89,3,10,2,379,35
Hull,2011,20,0,20,0,1,0,90,7
Ipswich,2011,37,0,37,0,3,0,134,8
Lexington,2011,181,2,181,2,15,0,592,53
Lincoln,2011,32,0,32,0,0,0,85,4
Littleton,2011,80,0,80,0,7,0,241,30
Lynn,2011,645,2,645,2,18,0,2138,117
Lynnfield,2011,53,4,53,4,1,0,133,10
Malden,2011,16,0,16,0,3,0,47,5
Manchester,2011,15,0,15,0,3,0,46,6
Marblehead,2011,33,0,33,0,5,0,222,31
Marlborough,2011,246,3,246,3,21,0,1212,124
Marshfield,2011,125,2,125,2,12,1,395,38
Maynard,2011,10,0,10,0,0,0,77,11
Medfield,2011,40,0,40,0,3,0,167,12
Medford,2011,153,0,153,0,8,0,378,36
Medway,2011,13,0,13,0,3,0,27,5
Melrose,2011,111,0,111,0,9,0,294,37
Middleton,2011,51,0,51,0,0,0,169,10
Milford,2011,252,4,252,4,12,0,1077,67
Millis,2011,16,2,16,2,2,0,48,3
Milton,2011,254,0,254,0,16,0,512,33
Nahant,2011,7,0,7,0,0,0,16,1
Natick,2011,145,3,145,3,5,1,899,55
Needham,2011,108,0,108,0,9,0,494,42
Newton,2011,508,1,508,1,34,0,1479,165
Norfolk,2011,23,0,23,0,0,0,79,4
North Reading,2011,71,1,71,1,4,0,147,10
Norwell,2011,78,1,78,1,5,0,230,20
Norwood,2011,140,3,140,3,6,1,457,40
Peabody,2011,367,3,367,3,15,0,1004,83
Quincy,2011,551,4,551,4,28,1,1750,96
Randolph,2011,271,1,271,1,17,0,617,30
Reading,2011,75,1,75,1,2,0,427,35
Revere,2011,345,3,345,3,16,0,607,40
Rockland,2011,124,0,124,0,4,0,239,16
Rockport,2011,11,0,11,0,0,0,22,3
Salem,2011,296,3,296,3,14,0,858,38
Saugus,2011,212,3,212,3,11,1,397,26
Scituate,2011,19,0,19,0,3,0,47,6
Sharon,2011,88,1,88,1,7,0,274,20
Sherborn,2011,37,0,37,0,2,0,147,13
Somerville,2011,327,4,327,4,15,1,746,70
Southborough,2011,57,1,57,1,7,1,274,30
Stoneham,2011,145,0,145,0,8,0,334,15
Stow,2011,16,0,16,0,1,0,48,3
Sudbury,2011,97,2,97,2,5,1,272,19
Swampscott,2011,148,0,148,0,6,0,179,6
Topsfield,2011,41,0,41,0,3,0,74,5
Wakefield,2011,20,0,20,0,1,0,63,3
Walpole,2011,132,0,132,0,8,0,416,32
Waltham,2011,440,4,440,4,14,1,1411,117
Watertown,2011,149,0,149,0,5,0,336,38
Wayland,2011,76,0,76,0,7,0,254,23
Wellesley,2011,159,0,159,0,7,0,831,77
Wenham,2011,20,0,20,0,4,0,75,6
Weston,2011,145,0,145,0,4,0,484,58
Westwood,2011,115,0,115,0,11,0,414,52
Weymouth,2011,457,6,457,6,30,1,1501,115
Wilmington,2011,218,3,218,3,17,2,576,69
Winchester,2011,61,0,61,0,2,0,297,29
Winthrop,2011,27,0,27,0,1,0,97,5
Woburn,2011,277,1,277,1,18,0,982,83
Wrentham,2011,107,2,107,2,9,0,320,26
Total,2011,15359,120,15359,120,948,18,45097,3766
Acton,2012,77,0,77,0,3,0,263,14
Arlington,2012,128,0,128,0,5,0,588,34
Ashland,2012,64,0,64,0,2,0,239,19
Bedford,2012,87,0,87,0,2,0,266,14
Bellingham,2012,101,1,101,1,6,0,492,35
Belmont,2012,76,0,76,0,4,0,291,18
Beverly,2012,214,2,214,2,8,0,596,37
Bolton,2012,59,1,59,1,8,0,167,18
Boston,2012,1669,29,1669,29,156,7,3955,361
Boxborough,2012,25,0,25,0,4,0,57,9
Braintree,2012,321,4,321,4,24,0,639,47
Brookline,2012,165,1,165,1,14,0,314,26
Burlington,2012,138,2,138,2,4,0,552,34
Cambridge,2012,494,2,494,2,25,1,1688,170
Canton,2012,180,3,180,3,17,0,458,33
Carlisle,2012,10,0,10,0,0,0,46,3
Chelsea,2012,239,0,239,0,23,0,833,83
Cohasset,2012,39,1,39,1,1,0,143,19
Concord,2012,92,1,92,1,5,0,350,33
Danvers,2012,291,2,291,2,13,0,619,46
Dedham,2012,228,1,228,1,24,0,549,43
Dover,2012,25,0,25,0,0,0,72,6
Essex,2012,13,0,13,0,0,0,35,3
Everett,2012,147,3,147,3,8,0,326,32
Foxborough,2012,128,4,128,4,7,2,454,38
Framingham,2012,482,4,482,4,26,1,1358,90
Franklin,2012,125,2,125,2,5,0,406,25
Gloucester,2012,50,4,50,4,2,1,262,16
Hamilton,2012,16,0,16,0,0,0,59,2
Hingham,2012,143,1,143,1,8,0,420,29
Holbrook,2012,95,0,95,0,3,0,204,11
Holliston,2012,105,0,105,0,3,0,233,15
Hopkinton,2012,109,1,109,1,10,0,398,41
Hudson,2012,73,0,73,0,0,0,362,32
Hull,2012,4,0,4,0,0,0,20,1
Ipswich,2012,31,0,31,0,0,0,100,3
Lexington,2012,156,1,156,1,8,0,538,40
Lincoln,2012,43,0,43,0,0,0,112,7
Littleton,2012,39,3,39,3,3,0,244,24
Lynn,2012,681,5,681,5,16,1,2123,107
Lynnfield,2012,82,0,82,0,6,0,253,17
Malden,2012,307,2,307,2,7,1,875,44
Manchester,2012,13,0,13,0,0,0,42,2
Marblehead,2012,26,1,26,1,0,0,188,18
Marlborough,2012,243,2,243,2,20,0,1129,87
Marshfield,2012,108,1,108,1,3,0,393,27
Maynard,2012,13,0,13,0,0,0,67,8
Medfield,2012,29,0,29,0,0,0,171,13
Medford,2012,279,2,279,2,12,1,932,94
Medway,2012,80,1,80,1,5,0,162,8
Melrose,2012,84,0,84,0,0,0,297,20
Middleton,2012,55,0,55,0,1,0,202,11
Milford,2012,227,0,227,0,11,0,998,58
Millis,2012,24,0,24,0,0,0,48,0
Milton,2012,291,4,291,4,18,0,557,41
Nahant,2012,3,0,3,0,0,0,7,0
Natick,2012,145,0,145,0,2,0,774,37
Needham,2012,156,0,156,0,12,0,450,42
Newton,2012,545,3,545,3,26,0,1492,118
Norfolk,2012,27,0,27,0,0,0,81,4
North Reading,2012,35,0,35,0,2,0,129,8
Norwell,2012,63,0,63,0,0,0,152,10
Norwood,2012,207,0,207,0,6,0,498,31
Peabody,2012,384,3,384,3,9,0,1161,71
Quincy,2012,617,7,617,7,24,2,1871,108
Randolph,2012,147,4,147,4,11,0,324,27
Reading,2012,99,0,99,0,4,0,487,34
Revere,2012,298,0,298,0,15,0,559,43
Rockland,2012,116,1,116,1,7,0,198,12
Rockport,2012,12,0,12,0,2,0,16,2
Salem,2012,311,4,311,4,6,2,838,45
Saugus,2012,186,1,186,1,10,0,478,37
Scituate,2012,36,1,36,1,4,0,146,19
Sharon,2012,112,1,112,1,4,0,297,12
Sherborn,2012,63,0,63,0,2,0,150,12
Somerville,2012,334,0,334,0,6,0,769,73
Southborough,2012,43,0,43,0,3,0,204,21
Stoneham,2012,117,2,117,2,6,1,301,22
Stow,2012,24,0,24,0,1,0,111,10
Sudbury,2012,96,1,96,1,1,0,267,14
Swampscott,2012,77,0,77,0,7,0,133,10
Topsfield,2012,40,0,40,0,1,0,72,7
Wakefield,2012,103,0,103,0,8,0,423,28
Walpole,2012,153,0,153,0,7,0,420,24
Waltham,2012,379,1,379,1,27,0,1292,103
Watertown,2012,183,0,183,0,10,0,422,31
Wayland,2012,63,0,63,0,0,0,225,8
Wellesley,2012,138,2,138,2,9,1,857,60
Wenham,2012,23,0,23,0,4,0,46,3
Weston,2012,164,3,164,3,11,0,558,68
Westwood,2012,91,0,91,0,5,0,451,39
Weymouth,2012,402,4,402,4,23,0,1350,97
Wilmington,2012,178,0,178,0,4,0,518,32
Winchester,2012,62,0,62,0,1,0,255,17
Winthrop,2012,19,0,19,0,0,0,99,9
Woburn,2012,344,2,344,2,27,0,1081,103
Wrentham,2012,126,0,126,0,2,0,340,14
Total,2012,15744,131,15744,131,839,21,47447,3531
Acton,2013,77,0,77,0,3,0,267,26
Arlington,2013,123,1,123,1,2,0,602,50
Ashland,2013,58,2,58,2,2,1,232,18
Bedford,2013,83,1,83,1,5,0,286,22
Bellingham,2013,112,2,112,2,3,0,496,29
Belmont,2013,83,0,83,0,3,0,310,24
Beverly,2013,160,1,160,1,10,0,534,34
Bolton,2013,62,0,62,0,1,0,163,15
Boston,2013,1775,19,1775,19,176,2,3951,370
Boxborough,2013,30,1,30,1,2,0,73,12
Braintree,2013,379,1,379,1,21,0,683,45
Brookline,2013,94,1,94,1,2,0,205,17
Burlington,2013,223,0,223,0,16,0,749,47
Cambridge,2013,455,3,455,3,23,0,1629,165
Canton,2013,161,3,161,3,12,0,460,43
Carlisle,2013,13,0,13,0,0,0,44,4
Chelsea,2013,255,1,255,1,13,0,933,95
Cohasset,2013,32,0,32,0,4,0,151,18
Concord,2013,94,0,94,0,6,0,332,33
Danvers,2013,234,1,234,1,13,0,553,32
Dedham,2013,205,0,205,0,10,0,568,58
Dover,2013,28,0,28,0,0,0,92,7
Essex,2013,12,0,12,0,0,0,19,1
Everett,2013,177,1,177,1,8,0,380,41
Foxborough,2013,143,1,143,1,16,0,431,40
Framingham,2013,575,1,575,1,29,0,1405,112
Franklin,2013,127,3,127,3,3,1,412,34
Gloucester,2013,52,0,52,0,2,0,280,25
Hamilton,2013,24,0,24,0,5,0,84,9
Hingham,2013,134,1,134,1,16,0,392,41
Holbrook,2013,71,0,71,0,5,0,210,13
Holliston,2013,61,0,61,0,1,0,216,19
Hopkinton,2013,104,4,104,4,7,2,411,55
Hudson,2013,136,0,136,0,11,0,455,47
Hull,2013,29,0,29,0,0,0,96,9
Ipswich,2013,37,1,37,1,1,0,113,2
Lexington,2013,156,0,156,0,11,0,564,34
Lincoln,2013,30,0,30,0,0,0,114,3
Littleton,2013,65,0,65,0,7,0,234,29
Lynn,2013,645,5,645,5,33,2,2194,164
Lynnfield,2013,99,1,99,1,2,0,292,18
Malden,2013,270,2,270,2,13,0,816,36
Manchester,2013,7,0,7,0,0,0,45,8
Marblehead,2013,25,0,25,0,0,0,234,26
Marlborough,2013,221,0,221,0,7,0,1184,95
Marshfield,2013,116,0,116,0,8,0,411,35
Maynard,2013,12,0,12,0,1,0,119,10
Medfield,2013,37,0,37,0,6,0,156,13
Medford,2013,309,2,309,2,5,0,1051,85
Medway,2013,66,0,66,0,0,0,172,7
Melrose,2013,102,2,102,2,7,1,307,27
Middleton,2013,75,0,75,0,3,0,211,8
Milford,2013,237,0,237,0,7,0,972,54
Millis,2013,18,0,18,0,0,0,41,2
Milton,2013,267,3,267,3,36,0,592,43
Nahant,2013,3,0,3,0,0,0,19,1
Natick,2013,182,0,182,0,7,0,918,60
Needham,2013,176,0,176,0,6,0,517,54
Newton,2013,542,2,542,2,59,0,1485,136
Norfolk,2013,23,1,23,1,4,0,97,10
North Reading,2013,35,0,35,0,2,0,135,14
Norwell,2013,135,3,135,3,9,0,279,20
Norwood,2013,207,3,207,3,21,0,483,50
Peabody,2013,322,4,322,4,8,1,1163,85
Quincy,2013,557,1,557,1,22,0,1995,134
Randolph,2013,82,1,82,1,6,0,199,13
Reading,2013,83,1,83,1,1,0,401,27
Revere,2013,313,3,313,3,20,1,659,59
Rockland,2013,51,2,51,2,3,0,126,11
Rockport,2013,2,0,2,0,1,0,13,1
Salem,2013,270,2,270,2,11,0,894,63
Saugus,2013,248,1,248,1,9,0,553,42
Scituate,2013,47,0,47,0,0,0,169,13
Sharon,2013,126,0,126,0,5,0,342,24
Sherborn,2013,51,0,51,0,1,0,145,14
Somerville,2013,343,1,343,1,20,0,810,83
Southborough,2013,56,1,56,1,5,0,179,17
Stoneham,2013,141,0,141,0,4,0,338,24
Stow,2013,23,1,23,1,2,0,77,6
Sudbury,2013,79,1,79,1,3,0,241,15
Swampscott,2013,83,0,83,0,3,0,157,8
Topsfield,2013,21,0,21,0,0,0,65,4
Wakefield,2013,100,0,100,0,4,0,460,33
Walpole,2013,132,1,132,1,7,0,417,34
Waltham,2013,406,2,406,2,16,0,1401,116
Watertown,2013,152,1,152,1,12,0,373,41
Wayland,2013,70,0,70,0,2,0,264,22
Wellesley,2013,169,1,169,1,5,0,885,62
Wenham,2013,17,1,17,1,1,1,60,4
Weston,2013,160,1,160,1,7,0,636,74
Westwood,2013,126,1,126,1,1,0,517,50
Weymouth,2013,417,0,417,0,23,0,1245,81
Wilmington,2013,200,1,200,1,13,0,590,64
Winchester,2013,43,0,43,0,3,0,231,24
Winthrop,2013,37,0,37,0,1,0,156,16
Woburn,2013,286,0,286,0,27,0,967,98
Wrentham,2013,132,1,132,1,3,0,377,19
Total,2013,15823,102,15823,102,934,12,48964,4035
Acton,2014,82,0,82,0,3,0,289,18
Arlington,2014,98,0,98,0,5,0,586,46
Ashland,2014,75,2,75,2,3,0,230,14
Bedford,2014,64,0,64,0,6,0,271,20
Bellingham,2014,122,2,122,2,10,0,536,40
Belmont,2014,77,0,77,0,2,0,324,35
Beverly,2014,192,0,192,0,2,0,581,27
Bolton,2014,63,0,63,0,9,0,167,21
Boston,2014,1678,22,1678,22,143,5,4023,391
Boxborough,2014,16,0,16,0,0,0,76,9
Braintree,2014,351,0,351,0,30,0,711,46
Brookline,2014,197,0,197,0,7,0,369,16
Burlington,2014,219,1,219,1,15,1,671,47
Cambridge,2014,405,1,405,1,18,0,1610,172
Canton,2014,161,2,161,2,9,0,584,67
Carlisle,2014,4,0,4,0,0,0,41,1
Chelsea,2014,274,2,274,2,17,0,894,82
Cohasset,2014,26,0,26,0,0,0,126,7
Concord,2014,106,0,106,0,3,0,343,33
Danvers,2014,235,0,235,0,9,0,609,27
Dedham,2014,186,3,186,3,5,0,552,34
Dover,2014,21,1,21,1,3,0,87,7
Essex,2014,11,0,11,0,0,0,35,0
Everett,2014,224,1,224,1,6,0,415,30
Foxborough,2014,150,0,150,0,12,0,527,37
Framingham,2014,580,4,580,4,23,2,1495,112
Franklin,2014,123,2,123,2,4,0,399,26
Gloucester,2014,103,1,103,1,2,0,464,35
Hamilton,2014,18,0,18,0,0,0,69,6
Hingham,2014,82,2,82,2,1,0,387,29
Holbrook,2014,88,2,88,2,2,0,218,11
Holliston,2014,76,0,76,0,1,0,237,14
Hopkinton,2014,80,1,80,1,7,0,379,34
Hudson,2014,109,1,109,1,5,0,424,41
Hull,2014,26,1,26,1,0,0,117,12
Ipswich,2014,35,0,35,0,0,0,114,5
Lexington,2014,248,2,248,2,15,2,703,56
Lincoln,2014,38,0,38,0,1,0,115,9
Littleton,2014,81,0,81,0,5,0,365,37
Lynn,2014,796,3,796,3,39,0,2712,197
Lynnfield,2014,94,0,94,0,5,0,260,31
Malden,2014,180,1,180,1,11,1,529,30
Manchester,2014,12,0,12,0,2,0,45,4
Marblehead,2014,34,1,34,1,2,0,181,23
Marlborough,2014,277,2,277,2,15,1,1196,90
Marshfield,2014,108,1,108,1,7,0,372,24
Maynard,2014,30,0,30,0,1,0,142,12
Medfield,2014,42,0,42,0,2,0,140,13
Medford,2014,285,2,285,2,16,0,955,70
Medway,2014,55,0,55,0,4,0,162,6
Melrose,2014,61,1,61,1,1,0,280,24
Middleton,2014,47,2,47,2,2,0,196,12
Milford,2014,306,4,306,4,20,1,1164,74
Millis,2014,24,0,24,0,5,0,67,10
Milton,2014,256,2,256,2,25,1,524,43
Nahant,2014,15,0,15,0,0,0,41,1
Natick,2014,157,0,157,0,6,0,860,67
Needham,2014,147,1,147,1,16,0,468,45
Newton,2014,544,0,544,0,23,0,1703,156
Norfolk,2014,28,0,28,0,1,0,103,12
North Reading,2014,47,0,47,0,1,0,158,12
Norwell,2014,101,2,101,2,3,0,274,21
Norwood,2014,132,6,132,6,2,0,435,35
Peabody,2014,387,3,387,3,15,1,1318,91
Quincy,2014,640,4,640,4,36,1,2230,146
Randolph,2014,327,3,327,3,11,2,657,41
Reading,2014,111,0,111,0,7,0,551,42
Revere,2014,371,1,371,1,23,0,715,61
Rockland,2014,87,1,87,1,5,1,191,16
Rockport,2014,11,0,11,0,0,0,32,3
Salem,2014,289,1,289,1,19,0,812,66
Saugus,2014,256,2,256,2,10,0,542,27
Scituate,2014,38,1,38,1,5,0,200,19
Sharon,2014,110,1,110,1,3,0,363,24
Sherborn,2014,44,0,44,0,1,0,160,13
Somerville,2014,306,1,306,1,10,1,781,81
Southborough,2014,52,1,52,1,7,0,243,22
Stoneham,2014,86,0,86,0,12,0,321,23
Stow,2014,23,0,23,0,0,0,119,8
Sudbury,2014,88,0,88,0,8,0,271,24
Swampscott,2014,63,0,63,0,4,0,159,10
Topsfield,2014,33,0,33,0,0,0,77,3
Wakefield,2014,155,0,155,0,8,0,474,25
Walpole,2014,141,2,141,2,14,1,426,37
Waltham,2014,365,2,365,2,19,0,1363,120
Watertown,2014,147,0,147,0,9,0,352,35
Wayland,2014,54,1,54,1,0,1,231,19
Wellesley,2014,135,0,135,0,5,0,842,50
Wenham,2014,19,0,19,0,0,0,70,3
Weston,2014,151,0,151,0,10,0,626,77
Westwood,2014,113,1,113,1,8,0,508,41
Weymouth,2014,403,2,403,2,13,0,1274,71
Wilmington,2014,199,3,199,3,15,0,570,59
Winchester,2014,65,2,65,2,2,0,278,17
Winthrop,2014,44,0,44,0,2,0,150,21
Woburn,2014,312,3,312,3,16,1,1051,96
Wrentham,2014,138,4,138,4,11,1,358,26
Total,2014,16265,120,16265,120,900,24,51425,4083
Acton,2015,101,0,101,0,4,0,368,32
Arlington,2015,117,3,117,3,13,0,583,62
Ashland,2015,85,2,85,2,7,1,212,17
Bedford,2015,60,0,60,0,4,0,262,19
Bellingham,2015,143,2,143,2,5,0,564,38
Belmont,2015,88,0,88,0,5,0,337,30
Beverly,2015,173,2,173,2,10,0,597,44
Bolton,2015,72,0,72,0,11,0,174,25
Boston,2015,1623,28,1623,28,128,3,4222,446
Boxborough,2015,26,0,26,0,8,0,86,18
Braintree,2015,334,3,334,3,16,1,812,50
Brookline,2015,178,1,178,1,4,0,383,19
Burlington,2015,259,1,259,1,21,0,724,52
Cambridge,2015,419,1,419,1,22,1,1605,205
Canton,2015,203,1,203,1,21,0,619,62
Carlisle,2015,10,1,10,1,0,0,53,4
Chelsea,2015,291,1,291,1,13,0,890,89
Cohasset,2015,47,0,47,0,7,0,156,17
Concord,2015,122,0,122,0,8,0,388,31
Danvers,2015,273,0,273,0,3,0,618,25
Dedham,2015,248,1,248,1,15,0,552,45
Dover,2015,34,0,34,0,2,0,92,6
Essex,2015,19,0,19,0,0,0,39,0
Everett,2015,181,2,181,2,6,0,420,29
Foxborough,2015,157,4,157,4,14,0,599,35
Framingham,2015,549,4,549,4,36,0,1603,150
Franklin,2015,134,3,134,3,12,0,397,33
Gloucester,2015,140,0,140,0,10,0,570,65
Hamilton,2015,18,0,18,0,1,0,67,5
Hingham,2015,126,1,126,1,10,1,475,40
Holbrook,2015,85,2,85,2,9,1,241,17
Holliston,2015,67,2,67,2,4,0,224,9
Hopkinton,2015,106,2,106,2,11,2,442,63
Hudson,2015,110,3,110,3,1,1,442,48
Hull,2015,11,0,11,0,3,0,105,18
Ipswich,2015,40,0,40,0,1,0,148,10
Lexington,2015,211,1,211,1,14,1,798,58
Lincoln,2015,42,0,42,0,0,0,137,10
Littleton,2015,115,2,115,2,13,0,389,54
Lynn,2015,819,1,819,1,38,0,2990,264
Lynnfield,2015,105,1,105,1,11,0,336,26
Malden,2015,225,2,225,2,8,0,764,37
Manchester,2015,17,0,17,0,0,0,58,5
Marblehead,2015,26,0,26,0,0,0,190,23
Marlborough,2015,308,1,308,1,14,0,1229,86
Marshfield,2015,116,1,116,1,2,0,393,21
Maynard,2015,36,0,36,0,1,0,146,14
Medfield,2015,34,1,34,1,1,0,152,16
Medford,2015,268,1,268,1,16,0,1019,84
Medway,2015,50,0,50,0,3,0,140,10
Melrose,2015,70,0,70,0,3,0,306,26
Middleton,2015,61,0,61,0,6,0,206,18
Milford,2015,269,1,269,1,12,1,1019,55
Millis,2015,13,0,13,0,0,0,52,2
Milton,2015,269,0,269,0,11,0,596,50
Nahant,2015,1,0,1,0,1,0,38,9
Natick,2015,170,0,170,0,6,0,904,69
Needham,2015,179,0,179,0,7,0,563,45
Newton,2015,514,0,514,0,31,0,1752,209
Norfolk,2015,22,0,22,0,1,0,114,12
North Reading,2015,56,1,56,1,2,0,185,13
Norwell,2015,89,0,89,0,2,0,244,13
Norwood,2015,179,1,179,1,11,0,477,42
Peabody,2015,355,2,355,2,19,0,1277,85
Quincy,2015,612,7,612,7,20,0,2236,139
Randolph,2015,339,3,339,3,21,0,673,50
Reading,2015,114,0,114,0,6,0,597,35
Revere,2015,476,1,476,1,30,0,829,75
Rockland,2015,148,1,148,1,4,0,273,19
Rockport,2015,13,0,13,0,0,0,44,6
Salem,2015,246,2,246,2,7,0,685,51
Saugus,2015,245,3,245,3,10,1,521,27
Scituate,2015,26,1,26,1,1,1,171,16
Sharon,2015,105,1,105,1,4,0,397,34
Sherborn,2015,49,0,49,0,5,0,156,14
Somerville,2015,297,0,297,0,13,0,790,113
Southborough,2015,96,0,96,0,10,0,396,41
Stoneham,2015,123,1,123,1,6,0,316,18
Stow,2015,35,0,35,0,1,0,114,8
Sudbury,2015,81,1,81,1,3,0,251,23
Swampscott,2015,55,0,55,0,4,0,140,7
Topsfield,2015,27,0,27,0,0,0,91,9
Wakefield,2015,164,1,164,1,5,0,547,25
Walpole,2015,126,0,126,0,7,0,431,30
Waltham,2015,377,1,377,1,29,0,1523,158
Watertown,2015,112,1,112,1,5,0,357,41
Wayland,2015,69,0,69,0,3,0,275,18
Wellesley,2015,137,0,137,0,10,0,876,79
Wenham,2015,23,1,23,1,0,0,67,4
Weston,2015,172,0,172,0,6,0,694,83
Westwood,2015,131,0,131,0,8,0,533,44
Weymouth,2015,431,2,431,2,19,0,1346,99
Wilmington,2015,187,0,187,0,16,0,546,58
Winchester,2015,52,0,52,0,4,0,301,23
Winthrop,2015,45,0,45,0,0,0,186,14
Woburn,2015,378,1,378,1,30,0,1190,104
Wrentham,2015,117,3,117,3,1,1,332,27
Total,2015,16876,117,16876,117,966,16,54427,4706
Acton,2016,102,2,102,2,6,0,350,22
Arlington,2016,94,0,94,0,1,0,548,47
Ashland,2016,83,1,83,1,6,0,284,24
Bedford,2016,82,0,82,0,4,0,296,22
Bellingham,2016,163,1,163,1,14,0,704,53
Belmont,2016,81,0,81,0,4,0,345,23
Beverly,2016,198,2,198,2,15,0,607,40
Bolton,2016,70,0,70,0,10,0,207,23
Boston,2016,1646,32,1646,32,93,8,4315,394
Boxborough,2016,32,0,32,0,3,0,88,12
Braintree,2016,417,2,417,2,30,0,775,56
Brookline,2016,229,1,229,1,16,0,505,56
Burlington,2016,215,1,215,1,8,0,743,40
Cambridge,2016,509,6,509,6,29,2,1975,217
Canton,2016,170,0,170,0,11,0,534,50
Carlisle,2016,8,0,8,0,0,0,59,5
Chelsea,2016,340,2,340,2,17,1,901,97
Cohasset,2016,43,1,43,1,1,0,145,5
Concord,2016,109,1,109,1,4,0,399,32
Danvers,2016,265,3,265,3,14,1,581,49
Dedham,2016,197,1,197,1,13,0,497,46
Dover,2016,31,0,31,0,0,0,103,6
Essex,2016,11,0,11,0,0,0,27,1
Everett,2016,235,0,235,0,5,0,503,33
Foxborough,2016,178,2,178,2,3,0,616,32
Framingham,2016,509,3,509,3,25,0,1482,121
Franklin,2016,131,1,131,1,8,0,398,28
Gloucester,2016,134,0,134,0,7,0,593,56
Hamilton,2016,18,0,18,0,2,0,89,9
Hingham,2016,129,2,129,2,9,0,600,32
Holbrook,2016,68,0,68,0,3,0,212,12
Holliston,2016,73,0,73,0,4,0,224,16
Hopkinton,2016,109,0,109,0,11,0,447,65
Hudson,2016,126,0,126,0,7,0,456,34
Hull,2016,18,0,18,0,1,0,108,8
Ipswich,2016,54,0,54,0,4,0,169,13
Lexington,2016,179,3,179,3,17,0,742,47
Lincoln,2016,45,2,45,2,5,1,134,15
Littleton,2016,118,2,118,2,18,1,358,40
Lynn,2016,858,3,858,3,30,0,3156,205
Lynnfield,2016,103,0,103,0,5,0,333,26
Malden,2016,265,2,265,2,6,0,945,52
Manchester,2016,12,0,12,0,1,0,53,5
Marblehead,2016,39,0,39,0,1,0,208,13
Marlborough,2016,290,3,290,3,24,0,1191,80
Marshfield,2016,84,1,84,1,2,0,367,22
Maynard,2016,19,0,19,0,0,0,139,22
Medfield,2016,54,0,54,0,8,0,205,25
Medford,2016,323,3,323,3,16,1,1260,101
Medway,2016,59,0,59,0,2,0,153,5
Melrose,2016,83,2,83,2,6,1,334,42
Middleton,2016,44,0,44,0,4,0,170,13
Milford,2016,236,5,236,5,15,1,1095,72
Millis,2016,8,0,8,0,0,0,41,3
Milton,2016,300,4,300,4,27,0,691,42
Nahant,2016,6,0,6,0,0,0,31,5
Natick,2016,153,3,153,3,5,0,882,64
Needham,2016,130,0,130,0,7,0,587,72
Newton,2016,495,4,495,4,24,0,1772,192
Norfolk,2016,20,0,20,0,0,0,76,2
North Reading,2016,48,0,48,0,1,0,199,9
Norwell,2016,76,1,76,1,5,0,307,14
Norwood,2016,184,1,184,1,9,0,454,44
Peabody,2016,430,3,430,3,22,0,1493,100
Quincy,2016,728,7,728,7,33,0,2282,146
Randolph,2016,333,4,333,4,26,0,747,42
Reading,2016,88,1,88,1,6,1,594,35
Revere,2016,412,2,412,2,33,0,793,54
Rockland,2016,149,1,149,1,3,0,300,22
Rockport,2016,10,0,10,0,0,0,36,2
Salem,2016,241,0,241,0,8,0,655,48
Saugus,2016,253,1,253,1,7,0,651,47
Scituate,2016,44,0,44,0,1,0,180,8
Sharon,2016,104,1,104,1,8,0,378,29
Sherborn,2016,58,0,58,0,3,0,176,7
Somerville,2016,352,0,352,0,18,0,981,120
Southborough,2016,119,2,119,2,12,0,385,34
Stoneham,2016,140,1,140,1,3,0,443,20
Stow,2016,39,0,39,0,3,0,114,5
Sudbury,2016,98,1,98,1,7,1,277,22
Swampscott,2016,54,1,54,1,0,0,190,10
Topsfield,2016,49,0,49,0,5,0,117,12
Wakefield,2016,136,0,136,0,10,0,462,35
Walpole,2016,153,0,153,0,12,0,446,43
Waltham,2016,342,2,342,2,19,0,1418,121
Watertown,2016,144,1,144,1,10,0,408,41
Wayland,2016,84,2,84,2,9,0,270,21
Wellesley,2016,159,0,159,0,8,0,915,70
Wenham,2016,30,0,30,0,3,0,92,4
Weston,2016,190,0,190,0,9,0,677,71
Westwood,2016,133,0,133,0,3,0,581,50
Weymouth,2016,415,1,415,1,16,0,1370,85
Wilmington,2016,180,2,180,2,12,0,587,47
Winchester,2016,53,0,53,0,4,0,221,14
Winthrop,2016,28,0,28,0,0,0,184,19
Woburn,2016,351,2,351,2,17,1,1275,120
Wrentham,2016,132,2,132,2,11,0,371,27
Total,2016,17339,140,17339,140,967,20,56837,4542
Acton,2017,105,3,105,3,3,0,363,29
Arlington,2017,91,0,91,0,7,0,537,66
Ashland,2017,61,0,61,0,3,0,238,21
Bedford,2017,109,1,109,1,27,0,275,14
Bellingham,2017,141,1,141,1,1,0,612,35
Belmont,2017,85,0,85,0,5,0,340,28
Beverly,2017,191,3,191,3,10,0,591,34
Bolton,2017,70,1,70,1,2,0,220,22
Boston,2017,2108,25,2108,25,111,1,5281,503
Boxborough,2017,45,0,45,0,2,0,119,17
Braintree,2017,371,1,371,1,30,0,785,53
Brookline,2017,153,1,153,1,12,0,479,65
Burlington,2017,211,1,211,1,6,0,792,43
Cambridge,2017,409,1,409,1,18,0,1637,213
Canton,2017,184,0,184,0,13,0,582,53
Carlisle,2017,19,0,19,0,0,0,54,3
Chelsea,2017,297,0,297,0,25,0,924,121
Cohasset,2017,36,0,36,0,3,0,154,13
Concord,2017,122,0,122,0,6,0,402,41
Danvers,2017,211,4,211,4,7,0,604,37
Dedham,2017,167,0,167,0,10,0,471,38
Dover,2017,38,0,38,0,3,0,124,14
Essex,2017,8,0,8,0,0,0,41,7
Everett,2017,205,0,205,0,5,0,472,38
Foxborough,2017,200,2,200,2,7,0,616,36
Framingham,2017,565,1,565,1,32,0,1772,163
Franklin,2017,104,1,104,1,8,0,402,41
Gloucester,2017,138,0,138,0,10,0,632,59
Hamilton,2017,16,0,16,0,1,0,85,9
Hingham,2017,135,1,135,1,5,0,548,33
Holbrook,2017,70,1,70,1,1,1,211,12
Holliston,2017,79,1,79,1,5,1,235,20
Hopkinton,2017,107,2,107,2,10,0,430,59
Hudson,2017,117,1,117,1,6,0,459,65
Hull,2017,24,0,24,0,0,0,91,5
Ipswich,2017,49,1,49,1,3,0,205,24
Lexington,2017,166,0,166,0,6,0,673,45
Lincoln,2017,35,0,35,0,2,0,124,8
Littleton,2017,73,1,73,1,10,0,356,37
Lynn,2017,883,1,883,1,44,0,2829,192
Lynnfield,2017,107,0,107,0,2,0,319,16
Malden,2017,279,1,279,1,7,0,1014,48
Manchester,2017,20,2,20,2,0,0,81,4
Marblehead,2017,47,2,47,2,4,0,285,36
Marlborough,2017,263,0,263,0,10,0,1213,93
Marshfield,2017,106,0,106,0,5,0,340,20
Maynard,2017,28,0,28,0,1,0,157,14
Medfield,2017,26,1,26,1,0,0,169,12
Medford,2017,335,2,335,2,16,0,1270,167
Medway,2017,51,0,51,0,6,0,188,18
Melrose,2017,80,0,80,0,4,0,336,28
Middleton,2017,58,0,58,0,5,0,201,20
Milford,2017,206,3,206,3,3,0,976,68
Millis,2017,25,1,25,1,1,0,77,5
Milton,2017,340,2,340,2,19,0,692,52
Nahant,2017,6,0,6,0,0,0,34,3
Natick,2017,227,0,227,0,31,0,942,55
Needham,2017,128,1,128,1,10,0,593,75
Newton,2017,480,0,480,0,20,0,1936,232
Norfolk,2017,22,0,22,0,2,0,90,5
North Reading,2017,55,0,55,0,3,0,195,16
Norwell,2017,65,0,65,0,7,0,270,21
Norwood,2017,175,1,175,1,17,1,429,48
Peabody,2017,388,1,388,1,14,0,1377,111
Quincy,2017,746,7,746,7,32,0,2430,177
Randolph,2017,352,1,352,1,18,0,743,48
Reading,2017,97,1,97,1,1,0,613,43
Revere,2017,422,0,422,0,19,0,829,61
Rockland,2017,137,0,137,0,1,0,276,17
Rockport,2017,19,0,19,0,0,0,65,7
Salem,2017,194,1,194,1,2,0,732,58
Saugus,2017,306,1,306,1,18,0,678,39
Scituate,2017,36,0,36,0,3,0,182,11
Sharon,2017,116,2,116,2,13,0,379,39
Sherborn,2017,78,0,78,0,6,0,182,18
Somerville,2017,274,0,274,0,12,0,856,87
Southborough,2017,105,0,105,0,4,0,406,36
Stoneham,2017,129,1,129,1,4,0,446,27
Stow,2017,29,0,29,0,1,0,120,10
Sudbury,2017,84,1,84,1,7,0,302,24
Swampscott,2017,83,0,83,0,4,0,188,12
Topsfield,2017,36,1,36,1,0,0,106,4
Wakefield,2017,145,0,145,0,13,0,497,51
Walpole,2017,161,0,161,0,7,0,493,41
Waltham,2017,383,0,383,0,30,0,1608,178
Watertown,2017,140,1,140,1,9,0,371,41
Wayland,2017,58,0,58,0,0,0,278,20
Wellesley,2017,163,0,163,0,11,0,866,94
Wenham,2017,18,0,18,0,0,0,87,6
Weston,2017,238,3,238,3,45,0,742,68
Westwood,2017,150,1,150,1,19,0,509,38
Weymouth,2017,446,4,446,4,16,1,1291,79
Wilmington,2017,201,0,201,0,14,0,571,50
Winchester,2017,63,0,63,0,2,0,279,15
Winthrop,2017,46,0,46,0,3,0,189,15
Woburn,2017,352,2,352,2,19,0,1226,103
Wrentham,2017,135,0,135,0,11,0,358,28
Total,2017,17657,99,17657,99,990,5,57847,5028
Acton,2018,107,0,107,0,5,0,365,25
Arlington,2018,87,0,87,0,4,0,461,40
Ashland,2018,51,1,51,1,2,0,218,16
Bedford,2018,72,1,72,1,1,0,276,9
Bellingham,2018,164,2,164,2,3,0,670,54
Belmont,2018,109,1,109,1,6,0,338,20
Beverly,2018,190,1,190,1,4,0,604,43
Bolton,2018,70,0,70,0,11,0,214,23
Boston,2018,1821,15,1821,15,146,2,4776,494
Boxborough,2018,21,0,21,0,2,0,96,10
Braintree,2018,340,3,340,3,24,0,716,56
Brookline,2018,100,0,100,0,3,0,404,50
Burlington,2018,221,0,221,0,9,0,736,57
Cambridge,2018,393,3,393,3,27,2,1677,211
Canton,2018,191,2,191,2,23,0,558,50
Carlisle,2018,15,1,15,1,0,0,43,1
Chelsea,2018,335,0,335,0,21,0,872,125
Cohasset,2018,21,0,21,0,1,0,73,7
Concord,2018,134,1,134,1,6,1,419,39
Danvers,2018,181,0,181,0,5,0,575,37
Dedham,2018,160,0,160,0,5,0,419,38
Dover,2018,47,0,47,0,5,0,126,10
Essex,2018,21,0,21,0,0,0,44,2
Everett,2018,198,2,198,2,7,2,441,28
Foxborough,2018,188,2,188,2,13,0,572,29
Framingham,2018,508,3,508,3,29,0,1730,189
Franklin,2018,135,0,135,0,7,0,386,36
Gloucester,2018,142,0,142,0,7,0,583,52
Hamilton,2018,20,0,20,0,0,0,83,4
Hingham,2018,141,0,141,0,3,0,538,36
Holbrook,2018,80,1,80,1,5,0,218,15
Holliston,2018,75,0,75,0,10,0,212,22
Hopkinton,2018,118,1,118,1,16,1,501,69
Hudson,2018,118,0,118,0,6,0,472,61
Hull,2018,20,0,20,0,2,0,96,9
Ipswich,2018,40,1,40,1,6,0,157,16
Lexington,2018,154,0,154,0,11,0,635,50
Lincoln,2018,51,0,51,0,5,0,129,5
Littleton,2018,97,0,97,0,13,0,421,44
Lynn,2018,845,1,845,1,28,0,2147,181
Lynnfield,2018,91,1,91,1,9,0,307,26
Malden,2018,284,1,284,1,7,0,976,65
Manchester,2018,15,0,15,0,0,0,45,1
Marblehead,2018,30,0,30,0,1,0,270,38
Marlborough,2018,330,1,330,1,24,0,1273,104
Marshfield,2018,100,2,100,2,7,1,377,26
Maynard,2018,11,1,11,1,0,0,126,12
Medfield,2018,9,0,9,0,0,0,93,11
Medford,2018,398,1,398,1,20,0,1241,151
Medway,2018,47,1,47,1,0,0,171,11
Melrose,2018,84,1,84,1,1,0,295,26
Middleton,2018,66,1,66,1,4,0,186,13
Milford,2018,215,0,215,0,10,0,1056,69
Millis,2018,22,1,22,1,3,0,110,12
Milton,2018,329,0,329,0,13,0,666,45
Nahant,2018,4,0,4,0,0,0,18,1
Natick,2018,162,2,162,2,10,0,897,68
Needham,2018,123,2,123,2,9,0,554,55
Newton,2018,459,1,459,1,33,0,1857,185
Norfolk,2018,21,0,21,0,2,0,88,12
North Reading,2018,72,1,72,1,3,0,197,19
Norwell,2018,85,0,85,0,2,0,313,20
Norwood,2018,178,4,178,4,9,0,437,46
Peabody,2018,429,2,429,2,16,0,1282,83
Quincy,2018,619,3,619,3,28,0,2259,149
Randolph,2018,355,2,355,2,24,0,662,50
Reading,2018,90,0,90,0,3,0,613,50
Revere,2018,412,6,412,6,22,0,841,68
Rockland,2018,141,2,141,2,18,0,280,31
Rockport,2018,15,0,15,0,0,0,53,4
Salem,2018,268,1,268,1,8,1,693,61
Saugus,2018,371,1,371,1,26,1,678,43
Scituate,2018,58,0,58,0,2,0,204,15
Sharon,2018,135,0,135,0,14,0,398,35
Sherborn,2018,38,0,38,0,3,0,172,18
Somerville,2018,257,0,257,0,21,0,824,97
Southborough,2018,74,0,74,0,4,0,400,39
Stoneham,2018,109,0,109,0,1,0,399,28
Stow,2018,12,1,12,1,2,0,84,8
Sudbury,2018,74,0,74,0,4,0,292,28
Swampscott,2018,61,0,61,0,4,0,155,9
Topsfield,2018,32,2,32,2,0,0,80,1
Wakefield,2018,98,0,98,0,4,0,403,35
Walpole,2018,144,1,144,1,7,0,460,35
Waltham,2018,312,0,312,0,15,0,1602,143
Watertown,2018,129,1,129,1,5,1,368,44
Wayland,2018,68,0,68,0,6,0,273,25
Wellesley,2018,143,0,143,0,11,0,829,77
Wenham,2018,13,0,13,0,0,0,65,2
Weston,2018,170,1,170,1,8,0,785,69
Westwood,2018,137,1,137,1,9,1,583,41
Weymouth,2018,431,5,431,5,15,0,1151,64
Wilmington,2018,189,0,189,0,19,0,589,55
Winchester,2018,65,1,65,1,2,0,255,23
Winthrop,2018,41,0,41,0,0,0,162,11
Woburn,2018,331,2,331,2,17,0,1232,93
Wrentham,2018,133,4,133,4,3,0,348,20
Total,2018,16870,99,16870,99,969,13,55028,4833
Acton,2019,120,1,120,1,8,0,358,28
Arlington,2019,73,1,73,1,3,0,438,38
Ashland,2019,59,0,59,0,3,0,268,28
Bedford,2019,71,1,71,1,5,1,282,20
Bellingham,2019,135,0,135,0,3,0,616,38
Belmont,2019,68,0,68,0,3,0,309,27
Beverly,2019,167,1,167,1,14,0,508,39
Bolton,2019,68,0,68,0,8,0,217,35
Boston,2019,1554,20,1554,20,135,3,4421,483
Boxborough,2019,32,1,32,1,3,0,105,10
Braintree,2019,368,2,368,2,19,0,762,52
Brookline,2019,127,0,127,0,10,0,441,61
Burlington,2019,181,0,181,0,10,0,689,52
Cambridge,2019,442,2,442,2,25,1,1718,236
Canton,2019,129,2,129,2,7,0,425,44
Carlisle,2019,21,0,21,0,1,0,51,6
Chelsea,2019,301,1,301,1,26,1,831,125
Cohasset,2019,17,0,17,0,0,0,74,5
Concord,2019,120,0,120,0,6,0,473,40
Danvers,2019,237,1,237,1,16,0,602,46
Dedham,2019,202,4,202,4,15,0,487,50
Dover,2019,34,0,34,0,4,0,111,10
Essex,2019,15,0,15,0,2,0,40,5
Everett,2019,128,3,128,3,9,1,376,33
Foxborough,2019,210,0,210,0,6,0,649,50
Framingham,2019,567,1,567,1,24,0,1897,202
Franklin,2019,116,1,116,1,8,0,376,33
Gloucester,2019,141,1,141,1,7,1,739,64
Hamilton,2019,13,0,13,0,2,0,69,7
Hingham,2019,96,0,96,0,11,0,462,38
Holbrook,2019,85,1,85,1,8,0,236,13
Holliston,2019,76,1,76,1,3,0,224,23
Hopkinton,2019,100,2,100,2,20,1,496,76
Hudson,2019,132,0,132,0,5,0,512,54
Hull,2019,32,1,32,1,1,0,140,9
Ipswich,2019,45,1,45,1,1,0,198,21
Lexington,2019,163,0,163,0,22,0,672,61
Lincoln,2019,49,0,49,0,2,0,119,10
Littleton,2019,96,2,96,2,10,0,400,47
Lynn,2019,745,2,745,2,28,0,1968,139
Lynnfield,2019,89,1,89,1,6,0,310,17
Malden,2019,287,0,287,0,12,0,946,100
Manchester,2019,21,0,21,0,0,0,73,6
Marblehead,2019,37,0,37,0,4,0,303,35
Marlborough,2019,323,5,323,5,28,1,1118,100
Marshfield,2019,68,1,68,1,1,0,294,14
Maynard,2019,20,0,20,0,0,0,109,10
Medfield,2019,30,0,30,0,1,0,150,10
Medford,2019,285,1,285,1,13,0,1218,129
Medway,2019,34,1,34,1,3,0,178,14
Melrose,2019,77,0,77,0,3,0,311,26
Middleton,2019,52,1,52,1,2,0,189,16
Milford,2019,248,2,248,2,4,0,1095,61
Millis,2019,23,0,23,0,1,0,96,9
Milton,2019,341,1,341,1,17,0,708,54
Nahant,2019,4,0,4,0,0,0,20,1
Natick,2019,153,1,153,1,7,0,839,73
Needham,2019,133,0,133,0,18,0,545,62
Newton,2019,396,1,396,1,18,0,1718,196
Norfolk,2019,32,0,32,0,6,0,88,6
North Reading,2019,56,0,56,0,2,0,227,17
Norwell,2019,74,1,74,1,1,0,271,19
Norwood,2019,147,1,147,1,8,0,429,48
Peabody,2019,296,2,296,2,9,0,974,69
Quincy,2019,604,4,604,4,24,1,2208,154
Randolph,2019,406,0,406,0,26,0,708,45
Reading,2019,95,1,95,1,5,0,634,44
Revere,2019,346,1,346,1,16,0,754,58
Rockland,2019,85,0,85,0,2,0,232,13
Rockport,2019,12,0,12,0,0,0,64,8
Salem,2019,205,2,205,2,12,0,760,59
Saugus,2019,286,2,286,2,7,2,640,31
Scituate,2019,31,0,31,0,1,0,105,8
Sharon,2019,165,4,165,4,14,0,408,26
Sherborn,2019,57,0,57,0,7,0,161,16
Somerville,2019,300,4,300,4,16,0,829,98
Southborough,2019,115,0,115,0,13,0,365,43
Stoneham,2019,163,1,163,1,10,0,448,26
Stow,2019,24,0,24,0,0,0,102,5
Sudbury,2019,95,0,95,0,3,0,301,26
Swampscott,2019,48,1,48,1,0,0,147,10
Topsfield,2019,38,0,38,0,2,0,96,6
Wakefield,2019,132,0,132,0,10,0,468,40
Walpole,2019,121,0,121,0,5,0,397,27
Waltham,2019,392,2,392,2,16,0,1800,205
Watertown,2019,132,1,132,1,3,0,350,45
Wayland,2019,69,0,69,0,6,0,259,19
Wellesley,2019,142,1,142,1,2,0,803,66
Wenham,2019,25,0,25,0,2,0,58,2
Weston,2019,178,0,178,0,18,0,730,70
Westwood,2019,119,0,119,0,6,0,512,39
Weymouth,2019,448,4,448,4,35,0,1135,72
Wilmington,2019,184,1,184,1,19,0,610,78
Winchester,2019,64,0,64,0,2,0,208,15
Winthrop,2019,33,2,33,2,2,0,161,13
Woburn,2019,285,2,285,2,18,1,1084,118
Wrentham,2019,144,1,144,1,8,0,361,26
Total,2019,16104,106,16104,106,967,14,53866,4961
